Name,Email,Notes
User1,user1nike.com,Note 1
User2,user2nike.com,Note 2
User3,user3nike.com,Note 3
User4,user4nike.com,Note 4
User5,user5nike.com,Note 5
User6,user6nike.com,Note 6
User7,user7nike.com,Note 7
User8,user8nike.com,Note 8
User9,user9nike.com,Note 9
User10,user10nike.com,Note 10
User11,user11nike.com,Note 11
User12,user12nike.com,Note 12
User13,user13nike.com,Note 13
User14,user14nike.com,Note 14
User15,user15nike.com,Note 15
User16,user16nike.com,Note 16
User17,user17nike.com,Note 17
User18,user18nike.com,Note 18
User19,user19nike.com,Note 19
User20,user20nike.com,Note 20
User21,user21nike.com,Note 21
User22,user22nike.com,Note 22
User23,user23nike.com,Note 23
User24,user24nike.com,Note 24
User25,user25nike.com,Note 25
User26,user26nike.com,Note 26
User27,user27nike.com,Note 27
User28,user28nike.com,Note 28
User29,user29nike.com,Note 29
User30,user30nike.com,Note 30
User31,user31nike.com,Note 31
User32,user32nike.com,Note 32
User33,user33nike.com,Note 33
User34,user34nike.com,Note 34
User35,user35nike.com,Note 35
User36,user36nike.com,Note 36
User37,user37nike.com,Note 37
User38,user38nike.com,Note 38
User39,user39nike.com,Note 39
User40,user40nike.com,Note 40
User41,user41nike.com,Note 41
User42,user42nike.com,Note 42
User43,user43nike.com,Note 43
User44,user44nike.com,Note 44
User45,user45nike.com,Note 45
User46,user46nike.com,Note 46
User47,user47nike.com,Note 47
User48,user48nike.com,Note 48
User49,user49nike.com,Note 49
User50,user50nike.com,Note 50
User51,user51nike.com,Note 51
User52,user52nike.com,Note 52
User53,user53nike.com,Note 53
User54,user54nike.com,Note 54
User55,user55nike.com,Note 55
User56,user56nike.com,Note 56
User57,user57nike.com,Note 57
User58,user58nike.com,Note 58
User59,user59nike.com,Note 59
User60,user60nike.com,Note 60
User61,user61nike.com,Note 61
User62,user62nike.com,Note 62
User63,user63nike.com,Note 63
User64,user64nike.com,Note 64
User65,user65nike.com,Note 65
User66,user66nike.com,Note 66
User67,user67nike.com,Note 67
User68,user68nike.com,Note 68
User69,user69nike.com,Note 69
User70,user70nike.com,Note 70
User71,user71nike.com,Note 71
User72,user72nike.com,Note 72
User73,user73nike.com,Note 73
User74,user74nike.com,Note 74
User75,user75nike.com,Note 75
User76,user76nike.com,Note 76
User77,user77nike.com,Note 77
User78,user78nike.com,Note 78
User79,user79nike.com,Note 79
User80,user80nike.com,Note 80
User81,user81nike.com,Note 81
User82,user82nike.com,Note 82
User83,user83nike.com,Note 83
User84,user84nike.com,Note 84
User85,user85nike.com,Note 85
User86,user86nike.com,Note 86
User87,user87nike.com,Note 87
User88,user88nike.com,Note 88
User89,user89nike.com,Note 89
User90,user90nike.com,Note 90
User91,user91nike.com,Note 91
User92,user92nike.com,Note 92
User93,user93nike.com,Note 93
User94,user94nike.com,Note 94
User95,user95nike.com,Note 95
User96,user96nike.com,Note 96
User97,user97nike.com,Note 97
User98,user98nike.com,Note 98
User99,user99nike.com,Note 99
User100,user100nike.com,Note 100
User101,user101nike.com,Note 101
User102,user102nike.com,Note 102
User103,user103nike.com,Note 103
User104,user104nike.com,Note 104
User105,user105nike.com,Note 105
User106,user106nike.com,Note 106
User107,user107nike.com,Note 107
User108,user108nike.com,Note 108
User109,user109nike.com,Note 109
User110,user110nike.com,Note 110
User111,user111nike.com,Note 111
User112,user112nike.com,Note 112
User113,user113nike.com,Note 113
User114,user114nike.com,Note 114
User115,user115nike.com,Note 115
User116,user116nike.com,Note 116
User117,user117nike.com,Note 117
User118,user118nike.com,Note 118
User119,user119nike.com,Note 119
User120,user120nike.com,Note 120
User121,user121nike.com,Note 121
User122,user122nike.com,Note 122
User123,user123nike.com,Note 123
User124,user124nike.com,Note 124
User125,user125nike.com,Note 125
User126,user126nike.com,Note 126
User127,user127nike.com,Note 127
User128,user128nike.com,Note 128
User129,user129nike.com,Note 129
User130,user130nike.com,Note 130
User131,user131nike.com,Note 131
User132,user132nike.com,Note 132
User133,user133nike.com,Note 133
User134,user134nike.com,Note 134
User135,user135nike.com,Note 135
User136,user136nike.com,Note 136
User137,user137nike.com,Note 137
User138,user138nike.com,Note 138
User139,user139nike.com,Note 139
User140,user140nike.com,Note 140
User141,user141nike.com,Note 141
User142,user142nike.com,Note 142
User143,user143nike.com,Note 143
User144,user144nike.com,Note 144
User145,user145nike.com,Note 145
User146,user146nike.com,Note 146
User147,user147nike.com,Note 147
User148,user148nike.com,Note 148
User149,user149nike.com,Note 149
User150,user150nike.com,Note 150
User151,user151nike.com,Note 151
User152,user152nike.com,Note 152
User153,user153nike.com,Note 153
User154,user154nike.com,Note 154
User155,user155nike.com,Note 155
User156,user156nike.com,Note 156
User157,user157nike.com,Note 157
User158,user158nike.com,Note 158
User159,user159nike.com,Note 159
User160,user160nike.com,Note 160
User161,user161nike.com,Note 161
User162,user162nike.com,Note 162
User163,user163nike.com,Note 163
User164,user164nike.com,Note 164
User165,user165nike.com,Note 165
User166,user166nike.com,Note 166
User167,user167nike.com,Note 167
User168,user168nike.com,Note 168
User169,user169nike.com,Note 169
User170,user170nike.com,Note 170
User171,user171nike.com,Note 171
User172,user172nike.com,Note 172
User173,user173nike.com,Note 173
User174,user174nike.com,Note 174
User175,user175nike.com,Note 175
User176,user176nike.com,Note 176
User177,user177nike.com,Note 177
User178,user178nike.com,Note 178
User179,user179nike.com,Note 179
User180,user180nike.com,Note 180
User181,user181nike.com,Note 181
User182,user182nike.com,Note 182
User183,user183nike.com,Note 183
User184,user184nike.com,Note 184
User185,user185nike.com,Note 185
User186,user186nike.com,Note 186
User187,user187nike.com,Note 187
User188,user188nike.com,Note 188
User189,user189nike.com,Note 189
User190,user190nike.com,Note 190
User191,user191nike.com,Note 191
User192,user192nike.com,Note 192
User193,user193nike.com,Note 193
User194,user194nike.com,Note 194
User195,user195nike.com,Note 195
User196,user196nike.com,Note 196
User197,user197nike.com,Note 197
User198,user198nike.com,Note 198
User199,user199nike.com,Note 199
User200,user200nike.com,Note 200
User201,user201nike.com,Note 201
User202,user202nike.com,Note 202
User203,user203nike.com,Note 203
User204,user204nike.com,Note 204
User205,user205nike.com,Note 205
User206,user206nike.com,Note 206
User207,user207nike.com,Note 207
User208,user208nike.com,Note 208
User209,user209nike.com,Note 209
User210,user210nike.com,Note 210
User211,user211nike.com,Note 211
User212,user212nike.com,Note 212
User213,user213nike.com,Note 213
User214,user214nike.com,Note 214
User215,user215nike.com,Note 215
User216,user216nike.com,Note 216
User217,user217nike.com,Note 217
User218,user218nike.com,Note 218
User219,user219nike.com,Note 219
User220,user220nike.com,Note 220
User221,user221nike.com,Note 221
User222,user222nike.com,Note 222
User223,user223nike.com,Note 223
User224,user224nike.com,Note 224
User225,user225nike.com,Note 225
User226,user226nike.com,Note 226
User227,user227nike.com,Note 227
User228,user228nike.com,Note 228
User229,user229nike.com,Note 229
User230,user230nike.com,Note 230
User231,user231nike.com,Note 231
User232,user232nike.com,Note 232
User233,user233nike.com,Note 233
User234,user234nike.com,Note 234
User235,user235nike.com,Note 235
User236,user236nike.com,Note 236
User237,user237nike.com,Note 237
User238,user238nike.com,Note 238
User239,user239nike.com,Note 239
User240,user240nike.com,Note 240
User241,user241nike.com,Note 241
User242,user242nike.com,Note 242
User243,user243nike.com,Note 243
User244,user244nike.com,Note 244
User245,user245nike.com,Note 245
User246,user246nike.com,Note 246
User247,user247nike.com,Note 247
User248,user248nike.com,Note 248
User249,user249nike.com,Note 249
User250,user250nike.com,Note 250
User251,user251nike.com,Note 251
User252,user252nike.com,Note 252
User253,user253nike.com,Note 253
User254,user254nike.com,Note 254
User255,user255nike.com,Note 255
User256,user256nike.com,Note 256
User257,user257nike.com,Note 257
User258,user258nike.com,Note 258
User259,user259nike.com,Note 259
User260,user260nike.com,Note 260
User261,user261nike.com,Note 261
User262,user262nike.com,Note 262
User263,user263nike.com,Note 263
User264,user264nike.com,Note 264
User265,user265nike.com,Note 265
User266,user266nike.com,Note 266
User267,user267nike.com,Note 267
User268,user268nike.com,Note 268
User269,user269nike.com,Note 269
User270,user270nike.com,Note 270
User271,user271nike.com,Note 271
User272,user272nike.com,Note 272
User273,user273nike.com,Note 273
User274,user274nike.com,Note 274
User275,user275nike.com,Note 275
User276,user276nike.com,Note 276
User277,user277nike.com,Note 277
User278,user278nike.com,Note 278
User279,user279nike.com,Note 279
User280,user280nike.com,Note 280
User281,user281nike.com,Note 281
User282,user282nike.com,Note 282
User283,user283nike.com,Note 283
User284,user284nike.com,Note 284
User285,user285nike.com,Note 285
User286,user286nike.com,Note 286
User287,user287nike.com,Note 287
User288,user288nike.com,Note 288
User289,user289nike.com,Note 289
User290,user290nike.com,Note 290
User291,user291nike.com,Note 291
User292,user292nike.com,Note 292
User293,user293nike.com,Note 293
User294,user294nike.com,Note 294
User295,user295nike.com,Note 295
User296,user296nike.com,Note 296
User297,user297nike.com,Note 297
User298,user298nike.com,Note 298
User299,user299nike.com,Note 299
User300,user300nike.com,Note 300
User301,user301nike.com,Note 301
User302,user302nike.com,Note 302
User303,user303nike.com,Note 303
User304,user304nike.com,Note 304
User305,user305nike.com,Note 305
User306,user306nike.com,Note 306
User307,user307nike.com,Note 307
User308,user308nike.com,Note 308
User309,user309nike.com,Note 309
User310,user310nike.com,Note 310
User311,user311nike.com,Note 311
User312,user312nike.com,Note 312
User313,user313nike.com,Note 313
User314,user314nike.com,Note 314
User315,user315nike.com,Note 315
User316,user316nike.com,Note 316
User317,user317nike.com,Note 317
User318,user318nike.com,Note 318
User319,user319nike.com,Note 319
User320,user320nike.com,Note 320
User321,user321nike.com,Note 321
User322,user322nike.com,Note 322
User323,user323nike.com,Note 323
User324,user324nike.com,Note 324
User325,user325nike.com,Note 325
User326,user326nike.com,Note 326
User327,user327nike.com,Note 327
User328,user328nike.com,Note 328
User329,user329nike.com,Note 329
User330,user330nike.com,Note 330
User331,user331nike.com,Note 331
User332,user332nike.com,Note 332
User333,user333nike.com,Note 333
User334,user334nike.com,Note 334
User335,user335nike.com,Note 335
User336,user336nike.com,Note 336
User337,user337nike.com,Note 337
User338,user338nike.com,Note 338
User339,user339nike.com,Note 339
User340,user340nike.com,Note 340
User341,user341nike.com,Note 341
User342,user342nike.com,Note 342
User343,user343nike.com,Note 343
User344,user344nike.com,Note 344
User345,user345nike.com,Note 345
User346,user346nike.com,Note 346
User347,user347nike.com,Note 347
User348,user348nike.com,Note 348
User349,user349nike.com,Note 349
User350,user350nike.com,Note 350
User351,user351nike.com,Note 351
User352,user352nike.com,Note 352
User353,user353nike.com,Note 353
User354,user354nike.com,Note 354
User355,user355nike.com,Note 355
User356,user356nike.com,Note 356
User357,user357nike.com,Note 357
User358,user358nike.com,Note 358
User359,user359nike.com,Note 359
User360,user360nike.com,Note 360
User361,user361nike.com,Note 361
User362,user362nike.com,Note 362
User363,user363nike.com,Note 363
User364,user364nike.com,Note 364
User365,user365nike.com,Note 365
User366,user366nike.com,Note 366
User367,user367nike.com,Note 367
User368,user368nike.com,Note 368
User369,user369nike.com,Note 369
User370,user370nike.com,Note 370
User371,user371nike.com,Note 371
User372,user372nike.com,Note 372
User373,user373nike.com,Note 373
User374,user374nike.com,Note 374
User375,user375nike.com,Note 375
User376,user376nike.com,Note 376
User377,user377nike.com,Note 377
User378,user378nike.com,Note 378
User379,user379nike.com,Note 379
User380,user380nike.com,Note 380
User381,user381nike.com,Note 381
User382,user382nike.com,Note 382
User383,user383nike.com,Note 383
User384,user384nike.com,Note 384
User385,user385nike.com,Note 385
User386,user386nike.com,Note 386
User387,user387nike.com,Note 387
User388,user388nike.com,Note 388
User389,user389nike.com,Note 389
User390,user390nike.com,Note 390
User391,user391nike.com,Note 391
User392,user392nike.com,Note 392
User393,user393nike.com,Note 393
User394,user394nike.com,Note 394
User395,user395nike.com,Note 395
User396,user396nike.com,Note 396
User397,user397nike.com,Note 397
User398,user398nike.com,Note 398
User399,user399nike.com,Note 399
User400,user400nike.com,Note 400
User401,user401nike.com,Note 401
User402,user402nike.com,Note 402
User403,user403nike.com,Note 403
User404,user404nike.com,Note 404
User405,user405nike.com,Note 405
User406,user406nike.com,Note 406
User407,user407nike.com,Note 407
User408,user408nike.com,Note 408
User409,user409nike.com,Note 409
User410,user410nike.com,Note 410
User411,user411nike.com,Note 411
User412,user412nike.com,Note 412
User413,user413nike.com,Note 413
User414,user414nike.com,Note 414
User415,user415nike.com,Note 415
User416,user416nike.com,Note 416
User417,user417nike.com,Note 417
User418,user418nike.com,Note 418
User419,user419nike.com,Note 419
User420,user420nike.com,Note 420
User421,user421nike.com,Note 421
User422,user422nike.com,Note 422
User423,user423nike.com,Note 423
User424,user424nike.com,Note 424
User425,user425nike.com,Note 425
User426,user426nike.com,Note 426
User427,user427nike.com,Note 427
User428,user428nike.com,Note 428
User429,user429nike.com,Note 429
User430,user430nike.com,Note 430
User431,user431nike.com,Note 431
User432,user432nike.com,Note 432
User433,user433nike.com,Note 433
User434,user434nike.com,Note 434
User435,user435nike.com,Note 435
User436,user436nike.com,Note 436
User437,user437nike.com,Note 437
User438,user438nike.com,Note 438
User439,user439nike.com,Note 439
User440,user440nike.com,Note 440
User441,user441nike.com,Note 441
User442,user442nike.com,Note 442
User443,user443nike.com,Note 443
User444,user444nike.com,Note 444
User445,user445nike.com,Note 445
User446,user446nike.com,Note 446
User447,user447nike.com,Note 447
User448,user448nike.com,Note 448
User449,user449nike.com,Note 449
User450,user450nike.com,Note 450
User451,user451nike.com,Note 451
User452,user452nike.com,Note 452
User453,user453nike.com,Note 453
User454,user454nike.com,Note 454
User455,user455nike.com,Note 455
User456,user456nike.com,Note 456
User457,user457nike.com,Note 457
User458,user458nike.com,Note 458
User459,user459nike.com,Note 459
User460,user460nike.com,Note 460
User461,user461nike.com,Note 461
User462,user462nike.com,Note 462
User463,user463nike.com,Note 463
User464,user464nike.com,Note 464
User465,user465nike.com,Note 465
User466,user466nike.com,Note 466
User467,user467nike.com,Note 467
User468,user468nike.com,Note 468
User469,user469nike.com,Note 469
User470,user470nike.com,Note 470
User471,user471nike.com,Note 471
User472,user472nike.com,Note 472
User473,user473nike.com,Note 473
User474,user474nike.com,Note 474
User475,user475nike.com,Note 475
User476,user476nike.com,Note 476
User477,user477nike.com,Note 477
User478,user478nike.com,Note 478
User479,user479nike.com,Note 479
User480,user480nike.com,Note 480
User481,user481nike.com,Note 481
User482,user482nike.com,Note 482
User483,user483nike.com,Note 483
User484,user484nike.com,Note 484
User485,user485nike.com,Note 485
User486,user486nike.com,Note 486
User487,user487nike.com,Note 487
User488,user488nike.com,Note 488
User489,user489nike.com,Note 489
User490,user490nike.com,Note 490
User491,user491nike.com,Note 491
User492,user492nike.com,Note 492
User493,user493nike.com,Note 493
User494,user494nike.com,Note 494
User495,user495nike.com,Note 495
User496,user496nike.com,Note 496
User497,user497nike.com,Note 497
User498,user498nike.com,Note 498
User499,user499nike.com,Note 499
User500,user500nike.com,Note 500
User501,user501nike.com,Note 501
User502,user502nike.com,Note 502
User503,user503nike.com,Note 503
User504,user504nike.com,Note 504
User505,user505nike.com,Note 505
User506,user506nike.com,Note 506
User507,user507nike.com,Note 507
User508,user508nike.com,Note 508
User509,user509nike.com,Note 509
User510,user510nike.com,Note 510
User511,user511nike.com,Note 511
User512,user512nike.com,Note 512
User513,user513nike.com,Note 513
User514,user514nike.com,Note 514
User515,user515nike.com,Note 515
User516,user516nike.com,Note 516
User517,user517nike.com,Note 517
User518,user518nike.com,Note 518
User519,user519nike.com,Note 519
User520,user520nike.com,Note 520
User521,user521nike.com,Note 521
User522,user522nike.com,Note 522
User523,user523nike.com,Note 523
User524,user524nike.com,Note 524
User525,user525nike.com,Note 525
User526,user526nike.com,Note 526
User527,user527nike.com,Note 527
User528,user528nike.com,Note 528
User529,user529nike.com,Note 529
User530,user530nike.com,Note 530
User531,user531nike.com,Note 531
User532,user532nike.com,Note 532
User533,user533nike.com,Note 533
User534,user534nike.com,Note 534
User535,user535nike.com,Note 535
User536,user536nike.com,Note 536
User537,user537nike.com,Note 537
User538,user538nike.com,Note 538
User539,user539nike.com,Note 539
User540,user540nike.com,Note 540
User541,user541nike.com,Note 541
User542,user542nike.com,Note 542
User543,user543nike.com,Note 543
User544,user544nike.com,Note 544
User545,user545nike.com,Note 545
User546,user546nike.com,Note 546
User547,user547nike.com,Note 547
User548,user548nike.com,Note 548
User549,user549nike.com,Note 549
User550,user550nike.com,Note 550
User551,user551nike.com,Note 551
User552,user552nike.com,Note 552
User553,user553nike.com,Note 553
User554,user554nike.com,Note 554
User555,user555nike.com,Note 555
User556,user556nike.com,Note 556
User557,user557nike.com,Note 557
User558,user558nike.com,Note 558
User559,user559nike.com,Note 559
User560,user560nike.com,Note 560
User561,user561nike.com,Note 561
User562,user562nike.com,Note 562
User563,user563nike.com,Note 563
User564,user564nike.com,Note 564
User565,user565nike.com,Note 565
User566,user566nike.com,Note 566
User567,user567nike.com,Note 567
User568,user568nike.com,Note 568
User569,user569nike.com,Note 569
User570,user570nike.com,Note 570
User571,user571nike.com,Note 571
User572,user572nike.com,Note 572
User573,user573nike.com,Note 573
User574,user574nike.com,Note 574
User575,user575nike.com,Note 575
User576,user576nike.com,Note 576
User577,user577nike.com,Note 577
User578,user578nike.com,Note 578
User579,user579nike.com,Note 579
User580,user580nike.com,Note 580
User581,user581nike.com,Note 581
User582,user582nike.com,Note 582
User583,user583nike.com,Note 583
User584,user584nike.com,Note 584
User585,user585nike.com,Note 585
User586,user586nike.com,Note 586
User587,user587nike.com,Note 587
User588,user588nike.com,Note 588
User589,user589nike.com,Note 589
User590,user590nike.com,Note 590
User591,user591nike.com,Note 591
User592,user592nike.com,Note 592
User593,user593nike.com,Note 593
User594,user594nike.com,Note 594
User595,user595nike.com,Note 595
User596,user596nike.com,Note 596
User597,user597nike.com,Note 597
User598,user598nike.com,Note 598
User599,user599nike.com,Note 599
User600,user600nike.com,Note 600
User601,user601nike.com,Note 601
User602,user602nike.com,Note 602
User603,user603nike.com,Note 603
User604,user604nike.com,Note 604
User605,user605nike.com,Note 605
User606,user606nike.com,Note 606
User607,user607nike.com,Note 607
User608,user608nike.com,Note 608
User609,user609nike.com,Note 609
User610,user610nike.com,Note 610
User611,user611nike.com,Note 611
User612,user612nike.com,Note 612
User613,user613nike.com,Note 613
User614,user614nike.com,Note 614
User615,user615nike.com,Note 615
User616,user616nike.com,Note 616
User617,user617nike.com,Note 617
User618,user618nike.com,Note 618
User619,user619nike.com,Note 619
User620,user620nike.com,Note 620
User621,user621nike.com,Note 621
User622,user622nike.com,Note 622
User623,user623nike.com,Note 623
User624,user624nike.com,Note 624
User625,user625nike.com,Note 625
User626,user626nike.com,Note 626
User627,user627nike.com,Note 627
User628,user628nike.com,Note 628
User629,user629nike.com,Note 629
User630,user630nike.com,Note 630
User631,user631nike.com,Note 631
User632,user632nike.com,Note 632
User633,user633nike.com,Note 633
User634,user634nike.com,Note 634
User635,user635nike.com,Note 635
User636,user636nike.com,Note 636
User637,user637nike.com,Note 637
User638,user638nike.com,Note 638
User639,user639nike.com,Note 639
User640,user640nike.com,Note 640
User641,user641nike.com,Note 641
User642,user642nike.com,Note 642
User643,user643nike.com,Note 643
User644,user644nike.com,Note 644
User645,user645nike.com,Note 645
User646,user646nike.com,Note 646
User647,user647nike.com,Note 647
User648,user648nike.com,Note 648
User649,user649nike.com,Note 649
User650,user650nike.com,Note 650
User651,user651nike.com,Note 651
User652,user652nike.com,Note 652
User653,user653nike.com,Note 653
User654,user654nike.com,Note 654
User655,user655nike.com,Note 655
User656,user656nike.com,Note 656
User657,user657nike.com,Note 657
User658,user658nike.com,Note 658
User659,user659nike.com,Note 659
User660,user660nike.com,Note 660
User661,user661nike.com,Note 661
User662,user662nike.com,Note 662
User663,user663nike.com,Note 663
User664,user664nike.com,Note 664
User665,user665nike.com,Note 665
User666,user666nike.com,Note 666
User667,user667nike.com,Note 667
User668,user668nike.com,Note 668
User669,user669nike.com,Note 669
User670,user670nike.com,Note 670
User671,user671nike.com,Note 671
User672,user672nike.com,Note 672
User673,user673nike.com,Note 673
User674,user674nike.com,Note 674
User675,user675nike.com,Note 675
User676,user676nike.com,Note 676
User677,user677nike.com,Note 677
User678,user678nike.com,Note 678
User679,user679nike.com,Note 679
User680,user680nike.com,Note 680
User681,user681nike.com,Note 681
User682,user682nike.com,Note 682
User683,user683nike.com,Note 683
User684,user684nike.com,Note 684
User685,user685nike.com,Note 685
User686,user686nike.com,Note 686
User687,user687nike.com,Note 687
User688,user688nike.com,Note 688
User689,user689nike.com,Note 689
User690,user690nike.com,Note 690
User691,user691nike.com,Note 691
User692,user692nike.com,Note 692
User693,user693nike.com,Note 693
User694,user694nike.com,Note 694
User695,user695nike.com,Note 695
User696,user696nike.com,Note 696
User697,user697nike.com,Note 697
User698,user698nike.com,Note 698
User699,user699nike.com,Note 699
User700,user700nike.com,Note 700
User701,user701nike.com,Note 701
User702,user702nike.com,Note 702
User703,user703nike.com,Note 703
User704,user704nike.com,Note 704
User705,user705nike.com,Note 705
User706,user706nike.com,Note 706
User707,user707nike.com,Note 707
User708,user708nike.com,Note 708
User709,user709nike.com,Note 709
User710,user710nike.com,Note 710
User711,user711nike.com,Note 711
User712,user712nike.com,Note 712
User713,user713nike.com,Note 713
User714,user714nike.com,Note 714
User715,user715nike.com,Note 715
User716,user716nike.com,Note 716
User717,user717nike.com,Note 717
User718,user718nike.com,Note 718
User719,user719nike.com,Note 719
User720,user720nike.com,Note 720
User721,user721nike.com,Note 721
User722,user722nike.com,Note 722
User723,user723nike.com,Note 723
User724,user724nike.com,Note 724
User725,user725nike.com,Note 725
User726,user726nike.com,Note 726
User727,user727nike.com,Note 727
User728,user728nike.com,Note 728
User729,user729nike.com,Note 729
User730,user730nike.com,Note 730
User731,user731nike.com,Note 731
User732,user732nike.com,Note 732
User733,user733nike.com,Note 733
User734,user734nike.com,Note 734
User735,user735nike.com,Note 735
User736,user736nike.com,Note 736
User737,user737nike.com,Note 737
User738,user738nike.com,Note 738
User739,user739nike.com,Note 739
User740,user740nike.com,Note 740
User741,user741nike.com,Note 741
User742,user742nike.com,Note 742
User743,user743nike.com,Note 743
User744,user744nike.com,Note 744
User745,user745nike.com,Note 745
User746,user746nike.com,Note 746
User747,user747nike.com,Note 747
User748,user748nike.com,Note 748
User749,user749nike.com,Note 749
User750,user750nike.com,Note 750
User751,user751nike.com,Note 751
User752,user752nike.com,Note 752
User753,user753nike.com,Note 753
User754,user754nike.com,Note 754
User755,user755nike.com,Note 755
User756,user756nike.com,Note 756
User757,user757nike.com,Note 757
User758,user758nike.com,Note 758
User759,user759nike.com,Note 759
User760,user760nike.com,Note 760
User761,user761nike.com,Note 761
User762,user762nike.com,Note 762
User763,user763nike.com,Note 763
User764,user764nike.com,Note 764
User765,user765nike.com,Note 765
User766,user766nike.com,Note 766
User767,user767nike.com,Note 767
User768,user768nike.com,Note 768
User769,user769nike.com,Note 769
User770,user770nike.com,Note 770
User771,user771nike.com,Note 771
User772,user772nike.com,Note 772
User773,user773nike.com,Note 773
User774,user774nike.com,Note 774
User775,user775nike.com,Note 775
User776,user776nike.com,Note 776
User777,user777nike.com,Note 777
User778,user778nike.com,Note 778
User779,user779nike.com,Note 779
User780,user780nike.com,Note 780
User781,user781nike.com,Note 781
User782,user782nike.com,Note 782
User783,user783nike.com,Note 783
User784,user784nike.com,Note 784
User785,user785nike.com,Note 785
User786,user786nike.com,Note 786
User787,user787nike.com,Note 787
User788,user788nike.com,Note 788
User789,user789nike.com,Note 789
User790,user790nike.com,Note 790
User791,user791nike.com,Note 791
User792,user792nike.com,Note 792
User793,user793nike.com,Note 793
User794,user794nike.com,Note 794
User795,user795nike.com,Note 795
User796,user796nike.com,Note 796
User797,user797nike.com,Note 797
User798,user798nike.com,Note 798
User799,user799nike.com,Note 799
User800,user800nike.com,Note 800
User801,user801nike.com,Note 801
User802,user802nike.com,Note 802
User803,user803nike.com,Note 803
User804,user804nike.com,Note 804
User805,user805nike.com,Note 805
User806,user806nike.com,Note 806
User807,user807nike.com,Note 807
User808,user808nike.com,Note 808
User809,user809nike.com,Note 809
User810,user810nike.com,Note 810
User811,user811nike.com,Note 811
User812,user812nike.com,Note 812
User813,user813nike.com,Note 813
User814,user814nike.com,Note 814
User815,user815nike.com,Note 815
User816,user816nike.com,Note 816
User817,user817nike.com,Note 817
User818,user818nike.com,Note 818
User819,user819nike.com,Note 819
User820,user820nike.com,Note 820
User821,user821nike.com,Note 821
User822,user822nike.com,Note 822
User823,user823nike.com,Note 823
User824,user824nike.com,Note 824
User825,user825nike.com,Note 825
User826,user826nike.com,Note 826
User827,user827nike.com,Note 827
User828,user828nike.com,Note 828
User829,user829nike.com,Note 829
User830,user830nike.com,Note 830
User831,user831nike.com,Note 831
User832,user832nike.com,Note 832
User833,user833nike.com,Note 833
User834,user834nike.com,Note 834
User835,user835nike.com,Note 835
User836,user836nike.com,Note 836
User837,user837nike.com,Note 837
User838,user838nike.com,Note 838
User839,user839nike.com,Note 839
User840,user840nike.com,Note 840
User841,user841nike.com,Note 841
User842,user842nike.com,Note 842
User843,user843nike.com,Note 843
User844,user844nike.com,Note 844
User845,user845nike.com,Note 845
User846,user846nike.com,Note 846
User847,user847nike.com,Note 847
User848,user848nike.com,Note 848
User849,user849nike.com,Note 849
User850,user850nike.com,Note 850
User851,user851nike.com,Note 851
User852,user852nike.com,Note 852
User853,user853nike.com,Note 853
User854,user854nike.com,Note 854
User855,user855nike.com,Note 855
User856,user856nike.com,Note 856
User857,user857nike.com,Note 857
User858,user858nike.com,Note 858
User859,user859nike.com,Note 859
User860,user860nike.com,Note 860
User861,user861nike.com,Note 861
User862,user862nike.com,Note 862
User863,user863nike.com,Note 863
User864,user864nike.com,Note 864
User865,user865nike.com,Note 865
User866,user866nike.com,Note 866
User867,user867nike.com,Note 867
User868,user868nike.com,Note 868
User869,user869nike.com,Note 869
User870,user870nike.com,Note 870
User871,user871nike.com,Note 871
User872,user872nike.com,Note 872
User873,user873nike.com,Note 873
User874,user874nike.com,Note 874
User875,user875nike.com,Note 875
User876,user876nike.com,Note 876
User877,user877nike.com,Note 877
User878,user878nike.com,Note 878
User879,user879nike.com,Note 879
User880,user880nike.com,Note 880
User881,user881nike.com,Note 881
User882,user882nike.com,Note 882
User883,user883nike.com,Note 883
User884,user884nike.com,Note 884
User885,user885nike.com,Note 885
User886,user886nike.com,Note 886
User887,user887nike.com,Note 887
User888,user888nike.com,Note 888
User889,user889nike.com,Note 889
User890,user890nike.com,Note 890
User891,user891nike.com,Note 891
User892,user892nike.com,Note 892
User893,user893nike.com,Note 893
User894,user894nike.com,Note 894
User895,user895nike.com,Note 895
User896,user896nike.com,Note 896
User897,user897nike.com,Note 897
User898,user898nike.com,Note 898
User899,user899nike.com,Note 899
User900,user900nike.com,Note 900
User901,user901nike.com,Note 901
User902,user902nike.com,Note 902
User903,user903nike.com,Note 903
User904,user904nike.com,Note 904
User905,user905nike.com,Note 905
User906,user906nike.com,Note 906
User907,user907nike.com,Note 907
User908,user908nike.com,Note 908
User909,user909nike.com,Note 909
User910,user910nike.com,Note 910
User911,user911nike.com,Note 911
User912,user912nike.com,Note 912
User913,user913nike.com,Note 913
User914,user914nike.com,Note 914
User915,user915nike.com,Note 915
User916,user916nike.com,Note 916
User917,user917nike.com,Note 917
User918,user918nike.com,Note 918
User919,user919nike.com,Note 919
User920,user920nike.com,Note 920
User921,user921nike.com,Note 921
User922,user922nike.com,Note 922
User923,user923nike.com,Note 923
User924,user924nike.com,Note 924
User925,user925nike.com,Note 925
User926,user926nike.com,Note 926
User927,user927nike.com,Note 927
User928,user928nike.com,Note 928
User929,user929nike.com,Note 929
User930,user930nike.com,Note 930
User931,user931nike.com,Note 931
User932,user932nike.com,Note 932
User933,user933nike.com,Note 933
User934,user934nike.com,Note 934
User935,user935nike.com,Note 935
User936,user936nike.com,Note 936
User937,user937nike.com,Note 937
User938,user938nike.com,Note 938
User939,user939nike.com,Note 939
User940,user940nike.com,Note 940
User941,user941nike.com,Note 941
User942,user942nike.com,Note 942
User943,user943nike.com,Note 943
User944,user944nike.com,Note 944
User945,user945nike.com,Note 945
User946,user946nike.com,Note 946
User947,user947nike.com,Note 947
User948,user948nike.com,Note 948
User949,user949nike.com,Note 949
User950,user950nike.com,Note 950
User951,user951nike.com,Note 951
User952,user952nike.com,Note 952
User953,user953nike.com,Note 953
User954,user954nike.com,Note 954
User955,user955nike.com,Note 955
User956,user956nike.com,Note 956
User957,user957nike.com,Note 957
User958,user958nike.com,Note 958
User959,user959nike.com,Note 959
User960,user960nike.com,Note 960
User961,user961nike.com,Note 961
User962,user962nike.com,Note 962
User963,user963nike.com,Note 963
User964,user964nike.com,Note 964
User965,user965nike.com,Note 965
User966,user966nike.com,Note 966
User967,user967nike.com,Note 967
User968,user968nike.com,Note 968
User969,user969nike.com,Note 969
User970,user970nike.com,Note 970
User971,user971nike.com,Note 971
User972,user972nike.com,Note 972
User973,user973nike.com,Note 973
User974,user974nike.com,Note 974
User975,user975nike.com,Note 975
User976,user976nike.com,Note 976
User977,user977nike.com,Note 977
User978,user978nike.com,Note 978
User979,user979nike.com,Note 979
User980,user980nike.com,Note 980
User981,user981nike.com,Note 981
User982,user982nike.com,Note 982
User983,user983nike.com,Note 983
User984,user984nike.com,Note 984
User985,user985nike.com,Note 985
User986,user986nike.com,Note 986
User987,user987nike.com,Note 987
User988,user988nike.com,Note 988
User989,user989nike.com,Note 989
User990,user990nike.com,Note 990
User991,user991nike.com,Note 991
User992,user992nike.com,Note 992
User993,user993nike.com,Note 993
User994,user994nike.com,Note 994
User995,user995nike.com,Note 995
User996,user996nike.com,Note 996
User997,user997nike.com,Note 997
User998,user998nike.com,Note 998
User999,user999nike.com,Note 999
User1000,user1000nike.com,Note 1000
